{"inputUnits":[66],"outputUnits":3,"inputs":{"0":{"dtype":"number","min":0.2655007243156433,"max":0.7252145409584045},"1":{"dtype":"number","min":0.02352551370859146,"max":0.19452279806137085},"2":{"dtype":"number","min":0.27500396966934204,"max":0.7314083576202393},"3":{"dtype":"number","min":0.011440496891736984,"max":0.1791878342628479},"4":{"dtype":"number","min":0.2801022529602051,"max":0.7357531189918518},"5":{"dtype":"number","min":0.011214331723749638,"max":0.18109819293022156},"6":{"dtype":"number","min":0.28520339727401733,"max":0.7401615381240845},"7":{"dtype":"number","min":0.011270986869931221,"max":0.18262003362178802},"8":{"dtype":"number","min":0.2630150020122528,"max":0.7185745239257812},"9":{"dtype":"number","min":0.013648197054862976,"max":0.17087510228157043},"10":{"dtype":"number","min":0.25913316011428833,"max":0.7141392827033997},"11":{"dtype":"number","min":0.0150374760851264,"max":0.16640882194042206},"12":{"dtype":"number","min":0.25544652342796326,"max":0.7095378041267395},"13":{"dtype":"number","min":0.016413316130638123,"max":0.16199909150600433},"14":{"dtype":"number","min":0.29882216453552246,"max":0.7443596124649048},"15":{"dtype":"number","min":0.03285304084420204,"max":0.17276030778884888},"16":{"dtype":"number","min":0.25856098532676697,"max":0.7019138336181641},"17":{"dtype":"number","min":0.03520426154136658,"max":0.1437099725008011},"18":{"dtype":"number","min":0.2790362536907196,"max":0.7324354648590088},"19":{"dtype":"number","min":0.049988195300102234,"max":0.20383167266845703},"20":{"dtype":"number","min":0.2619386315345764,"max":0.7151761054992676},"21":{"dtype":"number","min":0.05303194373846054,"max":0.19586753845214844},"22":{"dtype":"number","min":0.34135937690734863,"max":0.7725378274917603},"23":{"dtype":"number","min":0.17937996983528137,"max":0.27363449335098267},"24":{"dtype":"number","min":0.23220953345298767,"max":0.6585127711296082},"25":{"dtype":"number","min":0.177153542637825,"max":0.25022435188293457},"26":{"dtype":"number","min":0.35818973183631897,"max":0.7816386222839355},"27":{"dtype":"number","min":0.3186408281326294,"max":0.4238814413547516},"28":{"dtype":"number","min":0.20963850617408752,"max":0.6331474781036377},"29":{"dtype":"number","min":0.2869074046611786,"max":0.3912810981273651},"30":{"dtype":"number","min":0.3258526027202606,"max":0.7802958488464355},"31":{"dtype":"number","min":0.4604853689670563,"max":0.5711855292320251},"32":{"dtype":"number","min":0.1853252351284027,"max":0.6346883177757263},"33":{"dtype":"number","min":0.26695218682289124,"max":0.5307336449623108},"34":{"dtype":"number","min":0.32186394929885864,"max":0.7820417881011963},"35":{"dtype":"number","min":0.5000691413879395,"max":0.6145719289779663},"36":{"dtype":"number","min":0.1766800731420517,"max":0.631862998008728},"37":{"dtype":"number","min":0.23847675323486328,"max":0.5757741928100586},"38":{"dtype":"number","min":0.3059016466140747,"max":0.7776426672935486},"39":{"dtype":"number","min":0.5053744912147522,"max":0.6117599606513977},"40":{"dtype":"number","min":0.1805095374584198,"max":0.6444977521896362},"41":{"dtype":"number","min":0.22638502717018127,"max":0.5768133401870728},"42":{"dtype":"number","min":0.3036715090274811,"max":0.771861732006073},"43":{"dtype":"number","min":0.49256542325019836,"max":0.5916556715965271},"44":{"dtype":"number","min":0.19018639624118805,"max":0.6506526470184326},"45":{"dtype":"number","min":0.23702289164066315,"max":0.5597040057182312},"46":{"dtype":"number","min":0.31024718284606934,"max":0.7357931137084961},"47":{"dtype":"number","min":0.4468560814857483,"max":0.532808780670166},"48":{"dtype":"number","min":0.24737830460071564,"max":0.6686151623725891},"49":{"dtype":"number","min":0.43780872225761414,"max":0.5255423188209534},"50":{"dtype":"number","min":0.32150059938430786,"max":0.7492384314537048},"51":{"dtype":"number","min":0.5607262253761292,"max":0.7570883631706238},"52":{"dtype":"number","min":0.24041549861431122,"max":0.6566783785820007},"53":{"dtype":"number","min":0.5306139588356018,"max":0.7455040812492371},"54":{"dtype":"number","min":0.3450816869735718,"max":0.7265803813934326},"55":{"dtype":"number","min":0.7052704095840454,"max":0.9661425948143005},"56":{"dtype":"number","min":0.23593953251838684,"max":0.6477369070053101},"57":{"dtype":"number","min":0.6084384322166443,"max":0.9461292624473572},"58":{"dtype":"number","min":0.3524473011493683,"max":0.7141761183738708},"59":{"dtype":"number","min":0.7453292608261108,"max":0.9953430891036987},"60":{"dtype":"number","min":0.22544658184051514,"max":0.6504709720611572},"61":{"dtype":"number","min":0.6338106393814087,"max":0.9765809774398804},"62":{"dtype":"number","min":0.33066287636756897,"max":0.7482959032058716},"63":{"dtype":"number","min":0.7284911870956421,"max":1.0601476430892944},"64":{"dtype":"number","min":0.1974734365940094,"max":0.6549667119979858},"65":{"dtype":"number","min":0.6383190751075745,"max":1.0355076789855957}},"outputs":{"0":{"dtype":"string","min":0,"max":1,"uniqueValues":["a","b","c"],"legend":{"a":[1,0,0],"b":[0,1,0],"c":[0,0,1]}}},"isNormalized":true}