{"inputUnits":[66],"outputUnits":3,"inputs":{"0":{"dtype":"number","min":0.408317506313324,"max":0.6784472465515137},"1":{"dtype":"number","min":0.2555476427078247,"max":0.5341832637786865},"2":{"dtype":"number","min":0.41221851110458374,"max":0.684369683265686},"3":{"dtype":"number","min":0.2419111430644989,"max":0.5177350044250488},"4":{"dtype":"number","min":0.41565385460853577,"max":0.6880507469177246},"5":{"dtype":"number","min":0.2413279265165329,"max":0.5162157416343689},"6":{"dtype":"number","min":0.41899004578590393,"max":0.6917170286178589},"7":{"dtype":"number","min":0.24073466658592224,"max":0.5147562026977539},"8":{"dtype":"number","min":0.40203243494033813,"max":0.673560380935669},"9":{"dtype":"number","min":0.24371638894081116,"max":0.5174698233604431},"10":{"dtype":"number","min":0.3988437354564667,"max":0.670091986656189},"11":{"dtype":"number","min":0.2444068044424057,"max":0.516080915927887},"12":{"dtype":"number","min":0.3956466019153595,"max":0.6665898561477661},"13":{"dtype":"number","min":0.24515725672245026,"max":0.5146934390068054},"14":{"dtype":"number","min":0.4266701340675354,"max":0.699126660823822},"15":{"dtype":"number","min":0.24921754002571106,"max":0.5007832646369934},"16":{"dtype":"number","min":0.3940057158470154,"max":0.6632795333862305},"17":{"dtype":"number","min":0.2545836269855499,"max":0.500905454158783},"18":{"dtype":"number","min":0.4178106188774109,"max":0.6862752437591553},"19":{"dtype":"number","min":0.2744765877723694,"max":0.5347113609313965},"20":{"dtype":"number","min":0.40568652749061584,"max":0.6733223795890808},"21":{"dtype":"number","min":0.2773410379886627,"max":0.5352106094360352},"22":{"dtype":"number","min":0.46821221709251404,"max":0.7279171347618103},"23":{"dtype":"number","min":0.36324572563171387,"max":0.5315477848052979},"24":{"dtype":"number","min":0.38005104660987854,"max":0.6407214403152466},"25":{"dtype":"number","min":0.36362922191619873,"max":0.5169402956962585},"26":{"dtype":"number","min":0.5004081726074219,"max":0.7474283576011658},"27":{"dtype":"number","min":0.475546658039093,"max":0.537443220615387},"28":{"dtype":"number","min":0.3712044060230255,"max":0.6307708024978638},"29":{"dtype":"number","min":0.46328005194664,"max":0.5697917342185974},"30":{"dtype":"number","min":0.4922854006290436,"max":0.7655452489852905},"31":{"dtype":"number","min":0.46808674931526184,"max":0.6193830370903015},"32":{"dtype":"number","min":0.36399737000465393,"max":0.6203117966651917},"33":{"dtype":"number","min":0.454742431640625,"max":0.6262803077697754},"34":{"dtype":"number","min":0.47872525453567505,"max":0.7728923559188843},"35":{"dtype":"number","min":0.4615614712238312,"max":0.6532983779907227},"36":{"dtype":"number","min":0.36064764857292175,"max":0.6256203651428223},"37":{"dtype":"number","min":0.44317734241485596,"max":0.6569033265113831},"38":{"dtype":"number","min":0.4786931574344635,"max":0.7713465690612793},"39":{"dtype":"number","min":0.46522292494773865,"max":0.6549894213676453},"40":{"dtype":"number","min":0.3629232347011566,"max":0.623925507068634},"41":{"dtype":"number","min":0.4482567310333252,"max":0.6600801348686218},"42":{"dtype":"number","min":0.48302531242370605,"max":0.7636262774467468},"43":{"dtype":"number","min":0.47067832946777344,"max":0.6420648694038391},"44":{"dtype":"number","min":0.3686985373497009,"max":0.6250780820846558},"45":{"dtype":"number","min":0.45610469579696655,"max":0.6464550495147705},"46":{"dtype":"number","min":0.4691089689731598,"max":0.7133690714836121},"47":{"dtype":"number","min":0.6034491658210754,"max":0.7182413935661316},"48":{"dtype":"number","min":0.41024237871170044,"max":0.6561529040336609},"49":{"dtype":"number","min":0.6052883863449097,"max":0.7101554274559021},"50":{"dtype":"number","min":0.5126062631607056,"max":0.7464905381202698},"51":{"dtype":"number","min":0.759049117565155,"max":0.7995573878288269},"52":{"dtype":"number","min":0.37473198771476746,"max":0.6172552704811096},"53":{"dtype":"number","min":0.7594610452651978,"max":0.8094783425331116},"54":{"dtype":"number","min":0.5507552027702332,"max":0.7719680070877075},"55":{"dtype":"number","min":0.8922066688537598,"max":0.9361032843589783},"56":{"dtype":"number","min":0.3512616753578186,"max":0.5842319130897522},"57":{"dtype":"number","min":0.8884811997413635,"max":0.9410955905914307},"58":{"dtype":"number","min":0.5476080775260925,"max":0.7697814702987671},"59":{"dtype":"number","min":0.919126570224762,"max":0.970215916633606},"60":{"dtype":"number","min":0.357012003660202,"max":0.5889253616333008},"61":{"dtype":"number","min":0.9079053997993469,"max":0.9740648865699768},"62":{"dtype":"number","min":0.5654359459877014,"max":0.7912824153900146},"63":{"dtype":"number","min":0.941910982131958,"max":0.991844117641449},"64":{"dtype":"number","min":0.32541272044181824,"max":0.5572721362113953},"65":{"dtype":"number","min":0.9253929853439331,"max":0.9993659853935242}},"outputs":{"0":{"dtype":"string","min":0,"max":1,"uniqueValues":["a","b","c"],"legend":{"a":[1,0,0],"b":[0,1,0],"c":[0,0,1]}}},"isNormalized":true}