{"inputUnits":[66],"outputUnits":2,"inputs":{"0":{"dtype":"number","min":0.306619256734848,"max":0.6712468862533569},"1":{"dtype":"number","min":0.04061996191740036,"max":0.6816411018371582},"2":{"dtype":"number","min":0.3165663480758667,"max":0.6775193214416504},"3":{"dtype":"number","min":0.019980525597929955,"max":0.6599506139755249},"4":{"dtype":"number","min":0.3210640847682953,"max":0.6818997859954834},"5":{"dtype":"number","min":0.019165711477398872,"max":0.657751202583313},"6":{"dtype":"number","min":0.32539647817611694,"max":0.6862797141075134},"7":{"dtype":"number","min":0.01837725192308426,"max":0.6555593013763428},"8":{"dtype":"number","min":0.30484139919281006,"max":0.6652969121932983},"9":{"dtype":"number","min":0.018179817125201225,"max":0.6597639918327332},"10":{"dtype":"number","min":0.3012477159500122,"max":0.6607986092567444},"11":{"dtype":"number","min":0.01747562736272812,"max":0.6575460433959961},"12":{"dtype":"number","min":0.2972036600112915,"max":0.6564432382583618},"13":{"dtype":"number","min":0.016780154779553413,"max":0.6551380157470703},"14":{"dtype":"number","min":0.3371286690235138,"max":0.6905509233474731},"15":{"dtype":"number","min":0.032577671110630035,"max":0.6287785172462463},"16":{"dtype":"number","min":0.2961668372154236,"max":0.648524284362793},"17":{"dtype":"number","min":0.03127051889896393,"max":0.62686687707901},"18":{"dtype":"number","min":0.31765109300613403,"max":0.6784166097640991},"19":{"dtype":"number","min":0.06610023230314255,"max":0.6777463555335999},"20":{"dtype":"number","min":0.3027788996696472,"max":0.6613746881484985},"21":{"dtype":"number","min":0.06560725718736649,"max":0.6786901950836182},"22":{"dtype":"number","min":0.3782966136932373,"max":0.717606246471405},"23":{"dtype":"number","min":0.17827540636062622,"max":0.6397820711135864},"24":{"dtype":"number","min":0.2630093991756439,"max":0.6067094206809998},"25":{"dtype":"number","min":0.17329531908035278,"max":0.61069655418396},"26":{"dtype":"number","min":0.39223843812942505,"max":0.7216536402702332},"27":{"dtype":"number","min":0.3609377145767212,"max":0.7759275436401367},"28":{"dtype":"number","min":0.2404433786869049,"max":0.5883094072341919},"29":{"dtype":"number","min":0.3391265571117401,"max":0.68187415599823},"30":{"dtype":"number","min":0.3736874759197235,"max":0.7124692797660828},"31":{"dtype":"number","min":0.5081623196601868,"max":0.7740992903709412},"32":{"dtype":"number","min":0.2184351682662964,"max":0.5936389565467834},"33":{"dtype":"number","min":0.4849478006362915,"max":0.7641572952270508},"34":{"dtype":"number","min":0.3734224736690521,"max":0.7158312797546387},"35":{"dtype":"number","min":0.5242881178855896,"max":0.8146888613700867},"36":{"dtype":"number","min":0.21009042859077454,"max":0.5910089015960693},"37":{"dtype":"number","min":0.5057255029678345,"max":0.8049514889717102},"38":{"dtype":"number","min":0.3605838418006897,"max":0.7046589255332947},"39":{"dtype":"number","min":0.5064067244529724,"max":0.7917303442955017},"40":{"dtype":"number","min":0.21225187182426453,"max":0.6038784980773926},"41":{"dtype":"number","min":0.4886822998523712,"max":0.7856149673461914},"42":{"dtype":"number","min":0.355741947889328,"max":0.697842538356781},"43":{"dtype":"number","min":0.5062795877456665,"max":0.7758477926254272},"44":{"dtype":"number","min":0.2206919640302658,"max":0.6095790863037109},"45":{"dtype":"number","min":0.48917466402053833,"max":0.7710169553756714},"46":{"dtype":"number","min":0.3518613576889038,"max":0.6796939373016357},"47":{"dtype":"number","min":0.4984439015388489,"max":0.80818110704422},"48":{"dtype":"number","min":0.2847229838371277,"max":0.6136305332183838},"49":{"dtype":"number","min":0.49672770500183105,"max":0.7978654503822327},"50":{"dtype":"number","min":0.3661568760871887,"max":0.6742087602615356},"51":{"dtype":"number","min":0.7067826986312866,"max":0.797068178653717},"52":{"dtype":"number","min":0.27321958541870117,"max":0.5836069583892822},"53":{"dtype":"number","min":0.7152056097984314,"max":0.7903637290000916},"54":{"dtype":"number","min":0.3614993691444397,"max":0.6434292197227478},"55":{"dtype":"number","min":0.9004817605018616,"max":0.9829651713371277},"56":{"dtype":"number","min":0.2653507888317108,"max":0.5638543367385864},"57":{"dtype":"number","min":0.9037231206893921,"max":0.9721478819847107},"58":{"dtype":"number","min":0.35625386238098145,"max":0.6322979927062988},"59":{"dtype":"number","min":0.9269596338272095,"max":1.0162065029144287},"60":{"dtype":"number","min":0.27578070759773254,"max":0.5692703127861023},"61":{"dtype":"number","min":0.9322620630264282,"max":1.0082411766052246},"62":{"dtype":"number","min":0.3746280372142792,"max":0.6582963466644287},"63":{"dtype":"number","min":0.9764338731765747,"max":1.062600016593933},"64":{"dtype":"number","min":0.23154684901237488,"max":0.5392360091209412},"65":{"dtype":"number","min":0.9767352342605591,"max":1.0566307306289673}},"outputs":{"0":{"dtype":"string","min":0,"max":1,"uniqueValues":["a","b"],"legend":{"a":[1,0],"b":[0,1]}}},"isNormalized":true}