{"inputUnits":[66],"outputUnits":5,"inputs":{"0":{"dtype":"number","min":0.21504120528697968,"max":0.7528974413871765},"1":{"dtype":"number","min":0.024597812443971634,"max":0.46025416254997253},"2":{"dtype":"number","min":0.2254759818315506,"max":0.7566519975662231},"3":{"dtype":"number","min":0.0014608746860176325,"max":0.46547457575798035},"4":{"dtype":"number","min":0.22992432117462158,"max":0.7600623965263367},"5":{"dtype":"number","min":0.000906453060451895,"max":0.4698277413845062},"6":{"dtype":"number","min":0.23395951092243195,"max":0.7631093263626099},"7":{"dtype":"number","min":0.0004594402271322906,"max":0.4742170572280884},"8":{"dtype":"number","min":0.21943362057209015,"max":0.7534200549125671},"9":{"dtype":"number","min":0.00439588725566864,"max":0.4524298906326294},"10":{"dtype":"number","min":0.21847908198833466,"max":0.7532079815864563},"11":{"dtype":"number","min":0.005778007209300995,"max":0.4478692412376404},"12":{"dtype":"number","min":0.21580997109413147,"max":0.7529524564743042},"13":{"dtype":"number","min":0.007144432049244642,"max":0.4434586763381958},"14":{"dtype":"number","min":0.2561923861503601,"max":0.7623868584632874},"15":{"dtype":"number","min":0.021479833871126175,"max":0.477289080619812},"16":{"dtype":"number","min":0.21914856135845184,"max":0.747137188911438},"17":{"dtype":"number","min":0.028144923970103264,"max":0.43600255250930786},"18":{"dtype":"number","min":0.23204460740089417,"max":0.7547513246536255},"19":{"dtype":"number","min":0.05638689547777176,"max":0.46761634945869446},"20":{"dtype":"number","min":0.22250184416770935,"max":0.7417171001434326},"21":{"dtype":"number","min":0.06007231026887894,"max":0.45206382870674133},"22":{"dtype":"number","min":0.3156776428222656,"max":0.7828432321548462},"23":{"dtype":"number","min":0.20878912508487701,"max":0.5236886143684387},"24":{"dtype":"number","min":0.18110115826129913,"max":0.6848035454750061},"25":{"dtype":"number","min":0.20149105787277222,"max":0.4987465441226959},"26":{"dtype":"number","min":0.3108493685722351,"max":0.805773138999939},"27":{"dtype":"number","min":0.07964874058961868,"max":0.648342490196228},"28":{"dtype":"number","min":0.09970181435346603,"max":0.7471427321434021},"29":{"dtype":"number","min":0.14692096412181854,"max":0.604686975479126},"30":{"dtype":"number","min":0.20798274874687195,"max":0.8156114816665649},"31":{"dtype":"number","min":0.017265500500798225,"max":0.7924063205718994},"32":{"dtype":"number","min":0.11837855726480484,"max":0.8198949098587036},"33":{"dtype":"number","min":0.048279762268066406,"max":0.6875327229499817},"34":{"dtype":"number","min":0.1762772649526596,"max":0.8221678733825684},"35":{"dtype":"number","min":-0.00729777105152607,"max":0.8357475399971008},"36":{"dtype":"number","min":0.10263286530971527,"max":0.8348647952079773},"37":{"dtype":"number","min":-0.0044549256563186646,"max":0.7282642126083374},"38":{"dtype":"number","min":0.18098212778568268,"max":0.8158026933670044},"39":{"dtype":"number","min":-0.007959834299981594,"max":0.8338825702667236},"40":{"dtype":"number","min":0.10400904715061188,"max":0.8258471488952637},"41":{"dtype":"number","min":-0.009504677727818489,"max":0.7324821352958679},"42":{"dtype":"number","min":0.19205042719841003,"max":0.8082993626594543},"43":{"dtype":"number","min":0.0038766791112720966,"max":0.8127585649490356},"44":{"dtype":"number","min":0.11854855716228485,"max":0.8199074864387512},"45":{"dtype":"number","min":0.015169937163591385,"max":0.7148476243019104},"46":{"dtype":"number","min":0.29801610112190247,"max":0.7551091909408569},"47":{"dtype":"number","min":0.5562849044799805,"max":0.6535418033599854},"48":{"dtype":"number","min":0.21443316340446472,"max":0.6928793787956238},"49":{"dtype":"number","min":0.5557206869125366,"max":0.6519632339477539},"50":{"dtype":"number","min":0.3001003861427307,"max":0.777400016784668},"51":{"dtype":"number","min":0.7261786460876465,"max":0.9476731419563293},"52":{"dtype":"number","min":0.21328213810920715,"max":0.6711336374282837},"53":{"dtype":"number","min":0.701904296875,"max":0.9465356469154358},"54":{"dtype":"number","min":0.2995145916938782,"max":0.7701518535614014},"55":{"dtype":"number","min":0.8503634929656982,"max":1.1793971061706543},"56":{"dtype":"number","min":0.21332605183124542,"max":0.6572550535202026},"57":{"dtype":"number","min":0.8488181829452515,"max":1.1753876209259033},"58":{"dtype":"number","min":0.29731184244155884,"max":0.7625318169593811},"59":{"dtype":"number","min":0.8645390868186951,"max":1.2153064012527466},"60":{"dtype":"number","min":0.22087514400482178,"max":0.6653576493263245},"61":{"dtype":"number","min":0.8616105914115906,"max":1.2086923122406006},"62":{"dtype":"number","min":0.28955763578414917,"max":0.783811628818512},"63":{"dtype":"number","min":0.8921412229537964,"max":1.2868660688400269},"64":{"dtype":"number","min":0.19359685480594635,"max":0.6585978269577026},"65":{"dtype":"number","min":0.8916093707084656,"max":1.2727161645889282}},"outputs":{"0":{"dtype":"string","min":0,"max":1,"uniqueValues":["a","b","c","d","e"],"legend":{"a":[1,0,0,0,0],"b":[0,1,0,0,0],"c":[0,0,1,0,0],"d":[0,0,0,1,0],"e":[0,0,0,0,1]}}},"isNormalized":true}